{
  "naive_bayes": {
    "accuracy": 0.6923,
    "report": {
      "Arabic": {
        "precision": 0.0,
        "recall": 0.0,
        "f1-score": 0.0,
        "support": 1.0
      },
      "Code-Mixed": {
        "precision": 0.0,
        "recall": 0.0,
        "f1-score": 0.0,
        "support": 2.0
      },
      "English": {
        "precision": 0.75,
        "recall": 1.0,
        "f1-score": 0.8571428571428571,
        "support": 3.0
      },
      "French": {
        "precision": 1.0,
        "recall": 1.0,
        "f1-score": 1.0,
        "support": 1.0
      },
      "Hindi": {
        "precision": 1.0,
        "recall": 1.0,
        "f1-score": 1.0,
        "support": 1.0
      },
      "Roman Urdu": {
        "precision": 0.6666666666666666,
        "recall": 0.6666666666666666,
        "f1-score": 0.6666666666666666,
        "support": 3.0
      },
      "Urdu": {
        "precision": 0.6666666666666666,
        "recall": 1.0,
        "f1-score": 0.8,
        "support": 2.0
      },
      "accuracy": 0.6923076923076923,
      "macro avg": {
        "precision": 0.5833333333333333,
        "recall": 0.6666666666666666,
        "f1-score": 0.6176870748299319,
        "support": 13.0
      },
      "weighted avg": {
        "precision": 0.5833333333333333,
        "recall": 0.6923076923076923,
        "f1-score": 0.6285714285714286,
        "support": 13.0
      }
    }
  },
  "logistic_regression": {
    "accuracy": 0.6154,
    "report": {
      "Arabic": {
        "precision": 0.0,
        "recall": 0.0,
        "f1-score": 0.0,
        "support": 1.0
      },
      "Code-Mixed": {
        "precision": 0.0,
        "recall": 0.0,
        "f1-score": 0.0,
        "support": 2.0
      },
      "English": {
        "precision": 0.5,
        "recall": 1.0,
        "f1-score": 0.6666666666666666,
        "support": 3.0
      },
      "French": {
        "precision": 0.0,
        "recall": 0.0,
        "f1-score": 0.0,
        "support": 1.0
      },
      "Hindi": {
        "precision": 0.0,
        "recall": 0.0,
        "f1-score": 0.0,
        "support": 1.0
      },
      "Roman Urdu": {
        "precision": 0.75,
        "recall": 1.0,
        "f1-score": 0.8571428571428571,
        "support": 3.0
      },
      "Urdu": {
        "precision": 0.6666666666666666,
        "recall": 1.0,
        "f1-score": 0.8,
        "support": 2.0
      },
      "accuracy": 0.6153846153846154,
      "macro avg": {
        "precision": 0.2738095238095238,
        "recall": 0.42857142857142855,
        "f1-score": 0.3319727891156462,
        "support": 13.0
      },
      "weighted avg": {
        "precision": 0.391025641025641,
        "recall": 0.6153846153846154,
        "f1-score": 0.4747252747252747,
        "support": 13.0
      }
    }
  }
}